company|exp|skills
 Larsen & Toubro Infotech Limited  |4|SQL
 Larsen & Toubro Infotech Limited  |4|UnixShellScripting
 Larsen & Toubro Infotech Limited  |4|DataWarehousing
 Larsen & Toubro Infotech Limited  |4|ETL
 Larsen & Toubro Infotech Limited  |4|AutoSys
 Larsen & Toubro Infotech Limited  |4|AbInitio
 Citicorp Services India Pvt Ltd  3.7(80 reviews)   |12|AML
 Citicorp Services India Pvt Ltd  3.7(80 reviews)   |12|AbInitio
 Citicorp Services India Pvt Ltd  3.7(80 reviews)   |12|OraclePL/SQL
 Citicorp Services India Pvt Ltd  3.7(80 reviews)   |12|UNIX
 Citicorp Services India Pvt Ltd  3.7(80 reviews)   |12|Linux
 Citicorp Services India Pvt Ltd  3.7(80 reviews)   |12|Bash
 Citicorp Services India Pvt Ltd  3.7(80 reviews)   |12|KornShellScripting
 Accenture  4.0(4985 reviews)   |1|AbInitio
 Accenture  4.0(4985 reviews)   |1|Businessprocess
 Accenture  4.0(4985 reviews)   |1|Outsourcing
 Accenture  4.0(4985 reviews)   |1|Operations
 Accenture  4.0(4985 reviews)   |1|ManagerTechnology
 Accenture  4.0(4985 reviews)   |1|SQL
 Accenture  4.0(4985 reviews)   |1|Oracle
 Accenture  4.0(4985 reviews)   |1|Unix
 Accenture  4.0(4985 reviews)   |1|Db2
 Accenture  4.0(4985 reviews)   |1|Datastage
 Accenture  4.0(4985 reviews)   |1|AbInitio
 Accenture  4.0(4985 reviews)   |1|Macros
 Accenture  4.0(4985 reviews)   |1|Businessprocess
 Accenture  4.0(4985 reviews)   |1|Applicationsupport
 Accenture  4.0(4985 reviews)   |1|AbInitio
 Accenture  4.0(4985 reviews)   |1|Unixshellscripting
 Accenture  4.0(4985 reviews)   |1|Businessprocess
 Accenture  4.0(4985 reviews)   |1|Applicationsupport
 Accenture  4.0(4985 reviews)   |1|AbInitio
 Accenture  4.0(4985 reviews)   |1|Unixshellscripting
 Accenture  4.0(4985 reviews)   |1|Businessprocess
 Capgemini Technology Services India Limited  |2|abinitio
 Capgemini Technology Services India Limited  |2|abinitiodeveloper
 Capgemini Technology Services India Limited  |2|abinitioprogrammer
 Capgemini Technology Services India Limited  |2|ab-initioprogrammer
 Capgemini Technology Services India Limited  |2|
 CBSI India Pvt. Ltd.  3.7(22 reviews)   |3|abinitio
 Optimum InfoSystem Pvt. Ltd.  |4|UnixShellScripting
 Optimum InfoSystem Pvt. Ltd.  |4|ETLTool
 Optimum InfoSystem Pvt. Ltd.  |4|AbInitio
 Optimum InfoSystem Pvt. Ltd.  |4|Teradata
 Optimum InfoSystem Pvt. Ltd.  |4|DataWarehousing
 Optimum InfoSystem Pvt. Ltd.  |4|SQL
 Optimum InfoSystem Pvt. Ltd.  |4|AbInitio
 Optimum InfoSystem Pvt. Ltd.  |4|OracleDatabase
 Maintec Technologies Private Limited  |3|abinitio
 Maintec Technologies Private Limited  |3|abinitiodeveloper
 Maintec Technologies Private Limited  |3|abinitioconsultant
 Maintec Technologies Private Limited  |3|abinitio
 Maintec Technologies Private Limited  |3|abinitiodeveloper
 Maintec Technologies Private Limited  |3|abinitioconsultant
 RANDSTAD INDIA PVT LTD  3.9(306 reviews)   |3|technicaldocumentation
 RANDSTAD INDIA PVT LTD  3.9(306 reviews)   |3|performancetuning
 RANDSTAD INDIA PVT LTD  3.9(306 reviews)   |3|abinitio
 ILABZ TECHNOLOGY LLP  |4|abinitio
 ILABZ TECHNOLOGY LLP  |4|AbinitioDeveloper
 Larsen & Toubro Infotech Limited  |4|SQL
 Larsen & Toubro Infotech Limited  |4|UnixShellScripting
 Larsen & Toubro Infotech Limited  |4|DataWarehousing
 Larsen & Toubro Infotech Limited  |4|ETL
 Larsen & Toubro Infotech Limited  |4|AutoSys
 Larsen & Toubro Infotech Limited  |4|AbInitio
 Accenture  4.0(4985 reviews)   |2|PLSQL
 Accenture  4.0(4985 reviews)   |2|AbInitio
 Accenture  4.0(4985 reviews)   |2|Applicationdevelopment
 Accenture  4.0(4985 reviews)   |2|Agile
 Accenture  4.0(4985 reviews)   |2|Unixshellscripting
 Accenture  4.0(4985 reviews)   |4|Teradata
 Accenture  4.0(4985 reviews)   |4|AbInitio
 Accenture  4.0(4985 reviews)   |4|Businessprocess
 Accenture  4.0(4985 reviews)   |4|Outsourcing
 Accenture  4.0(4985 reviews)   |4|Operations
 Accenture  4.0(4985 reviews)   |4|Teradata
 Accenture  4.0(4985 reviews)   |4|AbInitio
 Accenture  4.0(4985 reviews)   |4|Businessprocess
 Accenture  4.0(4985 reviews)   |4|Outsourcing
 Accenture  4.0(4985 reviews)   |4|Operations
 Maveric Systems Limited  3.7(46 reviews)   |3|Unix
 Maveric Systems Limited  3.7(46 reviews)   |3|Oracle
 Maveric Systems Limited  3.7(46 reviews)   |3|SQLServer
 Maveric Systems Limited  3.7(46 reviews)   |3|Teradata
 Maveric Systems Limited  3.7(46 reviews)   |3|Informatica
 Maveric Systems Limited  3.7(46 reviews)   |3|ETL
 Maveric Systems Limited  3.7(46 reviews)   |3|AbInitio
 Maveric Systems Limited  3.7(46 reviews)   |3|Edw
 Maveric Systems Limited  3.7(46 reviews)   |3|Shell
 Accenture  4.0(4985 reviews)   |2|AbInitio
 Accenture  4.0(4985 reviews)   |2|Businessprocess
 Accenture  4.0(4985 reviews)   |2|Outsourcing
 Accenture  4.0(4985 reviews)   |2|Operations
 Accenture  4.0(4985 reviews)   |2|Datawarehousing
 Syntel Private Limited  |3|DataWarehousing
 Syntel Private Limited  |3|AbInitio
 Syntel Private Limited  |3|PerformanceTuning
 Syntel Private Limited  |3|DesignPatterns
 JP Morgan Chase  4.1(564 reviews)   |0|technology
 JP Morgan Chase  4.1(564 reviews)   |0|finance
 JP Morgan Chase  4.1(564 reviews)   |0|operations
 JP Morgan Chase  4.1(564 reviews)   |0|humanresources
 Larsen & Toubro Infotech Limited  |3|SQL
 Larsen & Toubro Infotech Limited  |3|UnixShellScripting
 Larsen & Toubro Infotech Limited  |3|DataWarehousing
 Larsen & Toubro Infotech Limited  |3|ETL
 Larsen & Toubro Infotech Limited  |3|AutoSys
 Larsen & Toubro Infotech Limited  |3|AbInitio
 Accenture  4.0(4985 reviews)   |6|Unix
 Accenture  4.0(4985 reviews)   |6|Applicationsupport
 Accenture  4.0(4985 reviews)   |6|AbInitio
 Accenture  4.0(4985 reviews)   |6|Businessprocess
 Accenture  4.0(4985 reviews)   |6|Outsourcing
 eNFLUENCE IT Services Pvt. Ltd.  |5|AbInitio
 eNFLUENCE IT Services Pvt. Ltd.  |5|haoop
 eNFLUENCE IT Services Pvt. Ltd.  |5|Metadata
 eNFLUENCE IT Services Pvt. Ltd.  |5|eme
 eNFLUENCE IT Services Pvt. Ltd.  |5|gde
 eNFLUENCE IT Services Pvt. Ltd.  |5|SQL
 eNFLUENCE IT Services Pvt. Ltd.  |5|unixshell
 eNFLUENCE IT Services Pvt. Ltd.  |5|autosys
 eNFLUENCE IT Services Pvt. Ltd.  |5|Tivoli
 Savera IT Solutions P Ltd.  |6|Unix
 Savera IT Solutions P Ltd.  |6|ETL
 Savera IT Solutions P Ltd.  |6|ShellScripting
 Savera IT Solutions P Ltd.  |6|Linux
 Savera IT Solutions P Ltd.  |6|AbInitio
 Savera IT Solutions P Ltd.  |6|DataWarehousing
 Accenture  4.0(4985 reviews)   |3|PLSQL
 Accenture  4.0(4985 reviews)   |3|AbInitio
 Accenture  4.0(4985 reviews)   |3|Performancetesting
 Accenture  4.0(4985 reviews)   |3|Unixshellscripting
 Accenture  4.0(4985 reviews)   |3|Unittesting
 Accenture  4.0(4985 reviews)   |7|Unix
 Accenture  4.0(4985 reviews)   |7|Applicationsupport
 Accenture  4.0(4985 reviews)   |7|AbInitio
 Accenture  4.0(4985 reviews)   |7|Businessprocess
 Accenture  4.0(4985 reviews)   |7|Outsourcing
 Larsen & Toubro Infotech Limited  |3|SQL
 Larsen & Toubro Infotech Limited  |3|UnixShellScripting
 Larsen & Toubro Infotech Limited  |3|DataWarehousing
 Larsen & Toubro Infotech Limited  |3|ETL
 Larsen & Toubro Infotech Limited  |3|AutoSys
 Larsen & Toubro Infotech Limited  |3|AbInitio
 Resource Solutions India Pvt Ltd  |5|UnixShellScripting
 Resource Solutions India Pvt Ltd  |5|Oracle
 Resource Solutions India Pvt Ltd  |5|BigData
 Resource Solutions India Pvt Ltd  |5|Linux
 Resource Solutions India Pvt Ltd  |5|AbInitio
 Resource Solutions India Pvt Ltd  |5|ETLTool
 Resource Solutions India Pvt Ltd  |5|Hadoop
 Resource Solutions India Pvt Ltd  |5|
 Talent HR Networks Pvt Ltd  |3|abinitio
 Talent HR Networks Pvt Ltd  |3|AbinitioDeveloper
 Talent HR Networks Pvt Ltd  |3|abinitioprogrammer
 Talent HR Networks Pvt Ltd  |3|abinitio
 Talent HR Networks Pvt Ltd  |3|ab-initio
 Talent HR Networks Pvt Ltd  |3|abinitio
 Talent HR Networks Pvt Ltd  |3|abinitiodeveloper
 Talent HR Networks Pvt Ltd  |3|abinitioprogrammer
 Talent HR Networks Pvt Ltd  |3|abinitio
 Talent HR Networks Pvt Ltd  |3|abinitio
 Talent HR Networks Pvt Ltd  |3|abinitiodeveloper
 Talent HR Networks Pvt Ltd  |3|abinitioprogrammer
 Talent HR Networks Pvt Ltd  |3|abinitiodeveloper
 Evoke HR Solutions Pvt. Ltd.  |2|OracleSQL
 Evoke HR Solutions Pvt. Ltd.  |2|UnixShellScripting
 Evoke HR Solutions Pvt. Ltd.  |2|AbInitio
 Evoke HR Solutions Pvt. Ltd.  |2|DataWarehousing
 Evoke HR Solutions Pvt. Ltd.  |2|ETLTool
 Evoke HR Solutions Pvt. Ltd.  |5|OracleSQL
 Evoke HR Solutions Pvt. Ltd.  |5|UnixShellScripting
 Evoke HR Solutions Pvt. Ltd.  |5|AbInitio
 Evoke HR Solutions Pvt. Ltd.  |5|DataWarehousing
 Evoke HR Solutions Pvt. Ltd.  |5|ETLTool
 Evoke HR Solutions Pvt. Ltd.  |2|OracleSQL
 Evoke HR Solutions Pvt. Ltd.  |2|UnixShellScripting
 Evoke HR Solutions Pvt. Ltd.  |2|AbInitio
 Evoke HR Solutions Pvt. Ltd.  |2|DataWarehousing
 Evoke HR Solutions Pvt. Ltd.  |2|ETLTool
 Evoke HR Solutions Pvt. Ltd.  |2|OracleSQL
 Evoke HR Solutions Pvt. Ltd.  |2|UnixShellScripting
 Evoke HR Solutions Pvt. Ltd.  |2|AbInitio
 Evoke HR Solutions Pvt. Ltd.  |2|DataWarehousing
 Evoke HR Solutions Pvt. Ltd.  |2|ETLTool
 Talent HR Networks Pvt Ltd  |3|unixshellscripting
 Talent HR Networks Pvt Ltd  |3|abinitio
 Talent HR Networks Pvt Ltd  |3|datawarehousing
 Talent HR Networks Pvt Ltd  |3|etltool
 ASAP Info Systems Pvt Ltd  |3|AbInitio
 ASAP Info Systems Pvt Ltd  |3|ThirdParty
 ASAP Info Systems Pvt Ltd  |3|AbInitio
 ASAP Info Systems Pvt Ltd  |2|AbInitio
 ASAP Info Systems Pvt Ltd  |2|abnitio
 ASAP Info Systems Pvt Ltd  |2|AbinitioDeveloper
 ASAP Info Systems Pvt Ltd  |2|ETL
 ASAP Info Systems Pvt Ltd  |2|ETLTool
 ASAP Info Systems Pvt Ltd  |2|informaticatool
 Nisum Consulting Pvt. Ltd  |8|SQLQueries
 Nisum Consulting Pvt. Ltd  |8|UnixShellScripting
 Nisum Consulting Pvt. Ltd  |8|Teradata
 Nisum Consulting Pvt. Ltd  |8|ETLTool
 Nisum Consulting Pvt. Ltd  |8|DataIntegration
 Ecentric Solutions Pvt. Ltd.  |3|Unix
 Ecentric Solutions Pvt. Ltd.  |3|AbInitio
 Ecentric Solutions Pvt. Ltd.  |3|ETL
 TheTalentKart  |6|unixshellscripting
 TheTalentKart  |6|oracle
 TheTalentKart  |6|datawarehousing
 TheTalentKart  |6|plsql
 TheTalentKart  |6|datamodeling
 Client of TheTalentKart  |5|SQL
 Client of TheTalentKart  |5|UnixShellScripting
 Client of TheTalentKart  |5|DataWarehousing
 Client of TheTalentKart  |5|ETL
 Client of TheTalentKart  |5|AutoSys
 Client of TheTalentKart  |5|AbInitio
 Allstate Solutions Private Limited  4.0(80 reviews)   |7|Unix
 Allstate Solutions Private Limited  4.0(80 reviews)   |7|TeamLeadingSkills
 Allstate Solutions Private Limited  4.0(80 reviews)   |7|OracleDatabase
 Allstate Solutions Private Limited  4.0(80 reviews)   |7|ETL
 Allstate Solutions Private Limited  4.0(80 reviews)   |7|AbInitio
 Premium  |5|Java
 Premium  |5|AndroidSDK
 Premium  |5|MobileDevelopment
 Premium  |5|GIT
 Premium  |5|BugTracking
 Premium  |5|Unix
 Premium  |5|SQL
 Premium  |5|AbInitio
 Premium  |5|DataWarehousing
 Premium  |5|Teradata
 Premium  |5|ETL
 Premium  |5|DataProfiling
 Premium  |5|Data
 Accenture  4.0(4985 reviews)   |8|Unix
 Accenture  4.0(4985 reviews)   |8|Productionsupport
 Accenture  4.0(4985 reviews)   |8|Applicationsupport
 Accenture  4.0(4985 reviews)   |8|AbInitio
 Accenture  4.0(4985 reviews)   |8|Outsourcing
 Softtech Career Infosystem Pvt. Ltd  |4|SQL
 Softtech Career Infosystem Pvt. Ltd  |4|UnixShellScripting
 Softtech Career Infosystem Pvt. Ltd  |4|DW
 Softtech Career Infosystem Pvt. Ltd  |4|ETL
 Softtech Career Infosystem Pvt. Ltd  |4|DataWarehousing
 Softtech Career Infosystem Pvt. Ltd  |4|AbInitio
 Larsen & Toubro Infotech Limited  |4|SQL
 Larsen & Toubro Infotech Limited  |4|UnixShellScripting
 Larsen & Toubro Infotech Limited  |4|DataWarehousing
 Larsen & Toubro Infotech Limited  |4|ETL
 Larsen & Toubro Infotech Limited  |4|AutoSys
 Larsen & Toubro Infotech Limited  |4|AbInitio
 Citicorp Services India Pvt Ltd  3.7(80 reviews)   |12|AML
 Citicorp Services India Pvt Ltd  3.7(80 reviews)   |12|AbInitio
 Citicorp Services India Pvt Ltd  3.7(80 reviews)   |12|OraclePL/SQL
 Citicorp Services India Pvt Ltd  3.7(80 reviews)   |12|UNIX
 Citicorp Services India Pvt Ltd  3.7(80 reviews)   |12|Linux
 Citicorp Services India Pvt Ltd  3.7(80 reviews)   |12|Bash
 Citicorp Services India Pvt Ltd  3.7(80 reviews)   |12|KornShellScripting
 Accenture  4.0(4985 reviews)   |1|AbInitio
 Accenture  4.0(4985 reviews)   |1|Businessprocess
 Accenture  4.0(4985 reviews)   |1|Outsourcing
 Accenture  4.0(4985 reviews)   |1|Operations
 Accenture  4.0(4985 reviews)   |1|ManagerTechnology
 Accenture  4.0(4985 reviews)   |1|SQL
 Accenture  4.0(4985 reviews)   |1|Oracle
 Accenture  4.0(4985 reviews)   |1|Unix
 Accenture  4.0(4985 reviews)   |1|Db2
 Accenture  4.0(4985 reviews)   |1|Datastage
 Accenture  4.0(4985 reviews)   |1|AbInitio
 Accenture  4.0(4985 reviews)   |1|Macros
 Accenture  4.0(4985 reviews)   |1|Businessprocess
 Accenture  4.0(4985 reviews)   |1|Applicationsupport
 Accenture  4.0(4985 reviews)   |1|AbInitio
 Accenture  4.0(4985 reviews)   |1|Unixshellscripting
 Accenture  4.0(4985 reviews)   |1|Businessprocess
 Accenture  4.0(4985 reviews)   |1|Applicationsupport
 Accenture  4.0(4985 reviews)   |1|AbInitio
 Accenture  4.0(4985 reviews)   |1|Unixshellscripting
 Accenture  4.0(4985 reviews)   |1|Businessprocess
 Capgemini Technology Services India Limited  |2|abinitio
 Capgemini Technology Services India Limited  |2|abinitiodeveloper
 Capgemini Technology Services India Limited  |2|abinitioprogrammer
 Capgemini Technology Services India Limited  |2|ab-initioprogrammer
 Capgemini Technology Services India Limited  |2|
 CBSI India Pvt. Ltd.  3.7(22 reviews)   |3|abinitio
 Optimum InfoSystem Pvt. Ltd.  |4|UnixShellScripting
 Optimum InfoSystem Pvt. Ltd.  |4|ETLTool
 Optimum InfoSystem Pvt. Ltd.  |4|AbInitio
 Optimum InfoSystem Pvt. Ltd.  |4|Teradata
 Optimum InfoSystem Pvt. Ltd.  |4|DataWarehousing
 Optimum InfoSystem Pvt. Ltd.  |4|SQL
 Optimum InfoSystem Pvt. Ltd.  |4|AbInitio
 Optimum InfoSystem Pvt. Ltd.  |4|OracleDatabase
 Maintec Technologies Private Limited  |3|abinitio
 Maintec Technologies Private Limited  |3|abinitiodeveloper
 Maintec Technologies Private Limited  |3|abinitioconsultant
 Maintec Technologies Private Limited  |3|abinitio
 Maintec Technologies Private Limited  |3|abinitiodeveloper
 Maintec Technologies Private Limited  |3|abinitioconsultant
 RANDSTAD INDIA PVT LTD  3.9(306 reviews)   |3|technicaldocumentation
 RANDSTAD INDIA PVT LTD  3.9(306 reviews)   |3|performancetuning
 RANDSTAD INDIA PVT LTD  3.9(306 reviews)   |3|abinitio
 ILABZ TECHNOLOGY LLP  |4|abinitio
 ILABZ TECHNOLOGY LLP  |4|AbinitioDeveloper
 Larsen & Toubro Infotech Limited  |4|SQL
 Larsen & Toubro Infotech Limited  |4|UnixShellScripting
 Larsen & Toubro Infotech Limited  |4|DataWarehousing
 Larsen & Toubro Infotech Limited  |4|ETL
 Larsen & Toubro Infotech Limited  |4|AutoSys
 Larsen & Toubro Infotech Limited  |4|AbInitio
 Accenture  4.0(4985 reviews)   |2|PLSQL
 Accenture  4.0(4985 reviews)   |2|AbInitio
 Accenture  4.0(4985 reviews)   |2|Applicationdevelopment
 Accenture  4.0(4985 reviews)   |2|Agile
 Accenture  4.0(4985 reviews)   |2|Unixshellscripting
 Accenture  4.0(4985 reviews)   |4|Teradata
 Accenture  4.0(4985 reviews)   |4|AbInitio
 Accenture  4.0(4985 reviews)   |4|Businessprocess
 Accenture  4.0(4985 reviews)   |4|Outsourcing
 Accenture  4.0(4985 reviews)   |4|Operations
 Accenture  4.0(4985 reviews)   |4|Teradata
 Accenture  4.0(4985 reviews)   |4|AbInitio
 Accenture  4.0(4985 reviews)   |4|Businessprocess
 Accenture  4.0(4985 reviews)   |4|Outsourcing
 Accenture  4.0(4985 reviews)   |4|Operations
 Maveric Systems Limited  3.7(46 reviews)   |3|Unix
 Maveric Systems Limited  3.7(46 reviews)   |3|Oracle
 Maveric Systems Limited  3.7(46 reviews)   |3|SQLServer
 Maveric Systems Limited  3.7(46 reviews)   |3|Teradata
 Maveric Systems Limited  3.7(46 reviews)   |3|Informatica
 Maveric Systems Limited  3.7(46 reviews)   |3|ETL
 Maveric Systems Limited  3.7(46 reviews)   |3|AbInitio
 Maveric Systems Limited  3.7(46 reviews)   |3|Edw
 Maveric Systems Limited  3.7(46 reviews)   |3|Shell
 Accenture  4.0(4985 reviews)   |2|AbInitio
 Accenture  4.0(4985 reviews)   |2|Businessprocess
 Accenture  4.0(4985 reviews)   |2|Outsourcing
 Accenture  4.0(4985 reviews)   |2|Operations
 Accenture  4.0(4985 reviews)   |2|Datawarehousing
 Syntel Private Limited  |3|DataWarehousing
 Syntel Private Limited  |3|AbInitio
 Syntel Private Limited  |3|PerformanceTuning
 Syntel Private Limited  |3|DesignPatterns
 JP Morgan Chase  4.1(564 reviews)   |0|technology
 JP Morgan Chase  4.1(564 reviews)   |0|finance
 JP Morgan Chase  4.1(564 reviews)   |0|operations
 JP Morgan Chase  4.1(564 reviews)   |0|humanresources
 Larsen & Toubro Infotech Limited  |3|SQL
 Larsen & Toubro Infotech Limited  |3|UnixShellScripting
 Larsen & Toubro Infotech Limited  |3|DataWarehousing
 Larsen & Toubro Infotech Limited  |3|ETL
 Larsen & Toubro Infotech Limited  |3|AutoSys
 Larsen & Toubro Infotech Limited  |3|AbInitio
 Accenture  4.0(4985 reviews)   |6|Unix
 Accenture  4.0(4985 reviews)   |6|Applicationsupport
 Accenture  4.0(4985 reviews)   |6|AbInitio
 Accenture  4.0(4985 reviews)   |6|Businessprocess
 Accenture  4.0(4985 reviews)   |6|Outsourcing
 eNFLUENCE IT Services Pvt. Ltd.  |5|AbInitio
 eNFLUENCE IT Services Pvt. Ltd.  |5|haoop
 eNFLUENCE IT Services Pvt. Ltd.  |5|Metadata
 eNFLUENCE IT Services Pvt. Ltd.  |5|eme
 eNFLUENCE IT Services Pvt. Ltd.  |5|gde
 eNFLUENCE IT Services Pvt. Ltd.  |5|SQL
 eNFLUENCE IT Services Pvt. Ltd.  |5|unixshell
 eNFLUENCE IT Services Pvt. Ltd.  |5|autosys
 eNFLUENCE IT Services Pvt. Ltd.  |5|Tivoli
 Savera IT Solutions P Ltd.  |6|Unix
 Savera IT Solutions P Ltd.  |6|ETL
 Savera IT Solutions P Ltd.  |6|ShellScripting
 Savera IT Solutions P Ltd.  |6|Linux
 Savera IT Solutions P Ltd.  |6|AbInitio
 Savera IT Solutions P Ltd.  |6|DataWarehousing
 Accenture  4.0(4985 reviews)   |3|PLSQL
 Accenture  4.0(4985 reviews)   |3|AbInitio
 Accenture  4.0(4985 reviews)   |3|Performancetesting
 Accenture  4.0(4985 reviews)   |3|Unixshellscripting
 Accenture  4.0(4985 reviews)   |3|Unittesting
 Accenture  4.0(4985 reviews)   |7|Unix
 Accenture  4.0(4985 reviews)   |7|Applicationsupport
 Accenture  4.0(4985 reviews)   |7|AbInitio
 Accenture  4.0(4985 reviews)   |7|Businessprocess
 Accenture  4.0(4985 reviews)   |7|Outsourcing
 Larsen & Toubro Infotech Limited  |3|SQL
 Larsen & Toubro Infotech Limited  |3|UnixShellScripting
 Larsen & Toubro Infotech Limited  |3|DataWarehousing
 Larsen & Toubro Infotech Limited  |3|ETL
 Larsen & Toubro Infotech Limited  |3|AutoSys
 Larsen & Toubro Infotech Limited  |3|AbInitio
 Resource Solutions India Pvt Ltd  |5|UnixShellScripting
 Resource Solutions India Pvt Ltd  |5|Oracle
 Resource Solutions India Pvt Ltd  |5|BigData
 Resource Solutions India Pvt Ltd  |5|Linux
 Resource Solutions India Pvt Ltd  |5|AbInitio
 Resource Solutions India Pvt Ltd  |5|ETLTool
 Resource Solutions India Pvt Ltd  |5|Hadoop
 Resource Solutions India Pvt Ltd  |5|
 Talent HR Networks Pvt Ltd  |3|abinitio
 Talent HR Networks Pvt Ltd  |3|AbinitioDeveloper
 Talent HR Networks Pvt Ltd  |3|abinitioprogrammer
 Talent HR Networks Pvt Ltd  |3|abinitio
 Talent HR Networks Pvt Ltd  |3|ab-initio
 Talent HR Networks Pvt Ltd  |3|abinitio
 Talent HR Networks Pvt Ltd  |3|abinitiodeveloper
 Talent HR Networks Pvt Ltd  |3|abinitioprogrammer
 Talent HR Networks Pvt Ltd  |3|abinitio
 Talent HR Networks Pvt Ltd  |3|abinitio
 Talent HR Networks Pvt Ltd  |3|abinitiodeveloper
 Talent HR Networks Pvt Ltd  |3|abinitioprogrammer
 Talent HR Networks Pvt Ltd  |3|abinitiodeveloper
 Evoke HR Solutions Pvt. Ltd.  |2|OracleSQL
 Evoke HR Solutions Pvt. Ltd.  |2|UnixShellScripting
 Evoke HR Solutions Pvt. Ltd.  |2|AbInitio
 Evoke HR Solutions Pvt. Ltd.  |2|DataWarehousing
 Evoke HR Solutions Pvt. Ltd.  |2|ETLTool
 Evoke HR Solutions Pvt. Ltd.  |5|OracleSQL
 Evoke HR Solutions Pvt. Ltd.  |5|UnixShellScripting
 Evoke HR Solutions Pvt. Ltd.  |5|AbInitio
 Evoke HR Solutions Pvt. Ltd.  |5|DataWarehousing
 Evoke HR Solutions Pvt. Ltd.  |5|ETLTool
 Evoke HR Solutions Pvt. Ltd.  |2|OracleSQL
 Evoke HR Solutions Pvt. Ltd.  |2|UnixShellScripting
 Evoke HR Solutions Pvt. Ltd.  |2|AbInitio
 Evoke HR Solutions Pvt. Ltd.  |2|DataWarehousing
 Evoke HR Solutions Pvt. Ltd.  |2|ETLTool
 Evoke HR Solutions Pvt. Ltd.  |2|OracleSQL
 Evoke HR Solutions Pvt. Ltd.  |2|UnixShellScripting
 Evoke HR Solutions Pvt. Ltd.  |2|AbInitio
 Evoke HR Solutions Pvt. Ltd.  |2|DataWarehousing
 Evoke HR Solutions Pvt. Ltd.  |2|ETLTool
 Talent HR Networks Pvt Ltd  |3|unixshellscripting
 Talent HR Networks Pvt Ltd  |3|abinitio
 Talent HR Networks Pvt Ltd  |3|datawarehousing
 Talent HR Networks Pvt Ltd  |3|etltool
 ASAP Info Systems Pvt Ltd  |3|AbInitio
 ASAP Info Systems Pvt Ltd  |3|ThirdParty
 ASAP Info Systems Pvt Ltd  |3|AbInitio
 ASAP Info Systems Pvt Ltd  |2|AbInitio
 ASAP Info Systems Pvt Ltd  |2|abnitio
 ASAP Info Systems Pvt Ltd  |2|AbinitioDeveloper
 ASAP Info Systems Pvt Ltd  |2|ETL
 ASAP Info Systems Pvt Ltd  |2|ETLTool
 ASAP Info Systems Pvt Ltd  |2|informaticatool
 Nisum Consulting Pvt. Ltd  |8|SQLQueries
 Nisum Consulting Pvt. Ltd  |8|UnixShellScripting
 Nisum Consulting Pvt. Ltd  |8|Teradata
 Nisum Consulting Pvt. Ltd  |8|ETLTool
 Nisum Consulting Pvt. Ltd  |8|DataIntegration
 Ecentric Solutions Pvt. Ltd.  |3|Unix
 Ecentric Solutions Pvt. Ltd.  |3|AbInitio
 Ecentric Solutions Pvt. Ltd.  |3|ETL
 TheTalentKart  |6|unixshellscripting
 TheTalentKart  |6|oracle
 TheTalentKart  |6|datawarehousing
 TheTalentKart  |6|plsql
 TheTalentKart  |6|datamodeling
 Client of TheTalentKart  |5|SQL
 Client of TheTalentKart  |5|UnixShellScripting
 Client of TheTalentKart  |5|DataWarehousing
 Client of TheTalentKart  |5|ETL
 Client of TheTalentKart  |5|AutoSys
 Client of TheTalentKart  |5|AbInitio
 Allstate Solutions Private Limited  4.0(80 reviews)   |7|Unix
 Allstate Solutions Private Limited  4.0(80 reviews)   |7|TeamLeadingSkills
 Allstate Solutions Private Limited  4.0(80 reviews)   |7|OracleDatabase
 Allstate Solutions Private Limited  4.0(80 reviews)   |7|ETL
 Allstate Solutions Private Limited  4.0(80 reviews)   |7|AbInitio
 Premium  |5|Java
 Premium  |5|AndroidSDK
 Premium  |5|MobileDevelopment
 Premium  |5|GIT
 Premium  |5|BugTracking
 Premium  |5|Unix
 Premium  |5|SQL
 Premium  |5|AbInitio
 Premium  |5|DataWarehousing
 Premium  |5|Teradata
 Premium  |5|ETL
 Premium  |5|DataProfiling
 Premium  |5|Data
 Accenture  4.0(4985 reviews)   |8|Unix
 Accenture  4.0(4985 reviews)   |8|Productionsupport
 Accenture  4.0(4985 reviews)   |8|Applicationsupport
 Accenture  4.0(4985 reviews)   |8|AbInitio
 Accenture  4.0(4985 reviews)   |8|Outsourcing
 Softtech Career Infosystem Pvt. Ltd  |4|SQL
 Softtech Career Infosystem Pvt. Ltd  |4|UnixShellScripting
 Softtech Career Infosystem Pvt. Ltd  |4|DW
 Softtech Career Infosystem Pvt. Ltd  |4|ETL
 Softtech Career Infosystem Pvt. Ltd  |4|DataWarehousing
 Softtech Career Infosystem Pvt. Ltd  |4|AbInitio
 Premium  |4|AbinitioDeveloper
 Premium  |4|BI/DW
 Premium  |4|Abinitio
 Premium  |4|ETL
 Premium  |4|DataStore
 Premium  |4|DataWarehouse
 JP Morgan Chase  4.1(564 reviews)   |0|technology
 JP Morgan Chase  4.1(564 reviews)   |0|finance
 JP Morgan Chase  4.1(564 reviews)   |0|operations
 JP Morgan Chase  4.1(564 reviews)   |0|humanresources
 Citibank  N.A  4.2(154 reviews)   |5|AbInitio
 Citibank  N.A  4.2(154 reviews)   |5|Debugging
 Citibank  N.A  4.2(154 reviews)   |5|Testcases
 Citibank  N.A  4.2(154 reviews)   |5|Dataanalysis
 Citibank  N.A  4.2(154 reviews)   |5|Monitoring
 Citibank  N.A  4.2(154 reviews)   |5|Frontend
 Citibank  N.A  4.2(154 reviews)   |10|AbInitio
 Citibank  N.A  4.2(154 reviews)   |10|Dataanalysis
 Citibank  N.A  4.2(154 reviews)   |10|Monitoring
 Citibank  N.A  4.2(154 reviews)   |10|Frontend
 Citibank  N.A  4.2(154 reviews)   |10|Loans
 Citibank  N.A  4.2(154 reviews)   |10|businessrules
 Virtusa Consulting Services Pvt Ltd  |4|AbInitio
 Virtusa Consulting Services Pvt Ltd  |4|GenericGraphs
 Virtusa Consulting Services Pvt Ltd  |4|ContinuousFlowsGraphs
 Virtusa Consulting Services Pvt Ltd  |4|Metadata
 Virtusa Consulting Services Pvt Ltd  |4|Abinitio
 Virtusa Consulting Services Pvt Ltd  |4|AbInitio
 Virtusa Consulting Services Pvt Ltd  |4|GenericGraphs
 Virtusa Consulting Services Pvt Ltd  |4|ContinuousFlowsGraphs
 Virtusa Consulting Services Pvt Ltd  |4|Metadata
 Virtusa Consulting Services Pvt Ltd  |4|Abinitio
 Maveric Systems Limited  3.7(46 reviews)   |7|";ETLTesting";
 Maveric Systems Limited  3.7(46 reviews)   |7|Unix
 Maveric Systems Limited  3.7(46 reviews)   |7|AbInitio
 Maveric Systems Limited  3.7(46 reviews)   |7|informatica
 Maveric Systems Limited  3.7(46 reviews)   |7|datastage
 Cognizant Technology Solutions India Ltd  3.8(5260 reviews)   |6|AbinitioProfessional
 Cognizant Technology Solutions India Ltd  3.8(5260 reviews)   |6|Abinitio
 Cognizant Technology Solutions India Ltd  3.8(5260 reviews)   |6|AbinitoDevelopment
 Syntel Private Limited  |11|Abinitio
 Syntel Private Limited  |11|Architect
 Talent HR Networks Pvt Ltd  |3|AbInitio
 ILABZ TECHNOLOGY LLP  |3|abinitio
 ILABZ TECHNOLOGY LLP  |3|Abinitio
 Allegis Services India Pvt. Ltd.  |4|AbInitio
 Allegis Services India Pvt. Ltd.  |4|ContinuousIntegration
 Allegis Services India Pvt. Ltd.  |4|Pdl
 Allegis Services India Pvt. Ltd.  |4|ShellScripting
 Allegis Services India Pvt. Ltd.  |4|WebServices
 Peoplefy Infosolutions Pvt. Ltd.  |10|AbInitio
 Peoplefy Infosolutions Pvt. Ltd.  |10|teradata
 Peoplefy Infosolutions Pvt. Ltd.  |10|architect
 Peoplefy Infosolutions Pvt. Ltd.  |10|abinitio
 BCT Consulting Private Limited  |5|UnixShellScripting
 BCT Consulting Private Limited  |5|AbInitio
 BCT Consulting Private Limited  |5|ETLTool
 BCT Consulting Private Limited  |5|DataModeling
 BCT Consulting Private Limited  |5|DatabaseDesign
 Kelly Outsourcing and Consulting Group India  Private Limited  3.9(44 reviews)   |4|unixscripting
 Kelly Outsourcing and Consulting Group India  Private Limited  3.9(44 reviews)   |4|oraclesql
 Kelly Outsourcing and Consulting Group India  Private Limited  3.9(44 reviews)   |4|datawarehousing
 Kelly Outsourcing and Consulting Group India  Private Limited  3.9(44 reviews)   |4|pl
 Kelly Outsourcing and Consulting Group India  Private Limited  3.9(44 reviews)   |4|plsql
 Kelly Outsourcing and Consulting Group India  Private Limited  3.9(44 reviews)   |4|autosys
 Kelly Outsourcing and Consulting Group India  Private Limited  3.9(44 reviews)   |4|abinitio
 Peoplefy Infosolutions Pvt. Ltd.  |5|AbInitio
 Peoplefy Infosolutions Pvt. Ltd.  |5|unix
 Peoplefy Infosolutions Pvt. Ltd.  |5|Teradata
 Peoplefy Infosolutions Pvt. Ltd.  |5|gde
 BCT Consulting Private Limited  |5|AbInitio
 Varite India Pvt. Ltd.  3.8(11 reviews)   |6|OracleSQL
 Varite India Pvt. Ltd.  3.8(11 reviews)   |6|AbInitio
 Varite India Pvt. Ltd.  3.8(11 reviews)   |6|Teradata
 Varite India Pvt. Ltd.  3.8(11 reviews)   |6|Control-M
 Varite India Pvt. Ltd.  3.8(11 reviews)   |6|Macros
 Varite India Pvt. Ltd.  3.8(11 reviews)   |6|abinitio
 Varite India Pvt. Ltd.  3.8(11 reviews)   |6|abinitio
 Varite India Pvt. Ltd.  3.8(11 reviews)   |6|teradata
 Varite India Pvt. Ltd.  3.8(11 reviews)   |6|control-m
 Varite India Pvt. Ltd.  3.8(11 reviews)   |6|Oracle
 Macropace Technologies  |8|AbInitio
 Macropace Technologies  |8|ETL
 Macropace Technologies  |8|DEVELOPER
 Nisum Consulting Pvt. Ltd  |5|SQLQueries
 Nisum Consulting Pvt. Ltd  |5|UnixShellScripting
 Nisum Consulting Pvt. Ltd  |5|ETLTool
 Nisum Consulting Pvt. Ltd  |5|DataIntegration
 Nisum Consulting Pvt. Ltd  |5|Teradata
 Nisum Consulting Pvt. Ltd  |5|Ab
 SRS Infoway  |6|Unix
 SRS Infoway  |6|AbInitio
 ELEMENTS HR SERVICES PVT LTD  |5|abinitio
 ELEMENTS HR SERVICES PVT LTD  |5|Database
 Headhuntersinc Consultancy Private Limited  |9|abinitio
 Headhuntersinc Consultancy Private Limited  |9|AbinitioDeveloper
 Headhuntersinc Consultancy Private Limited  |9|designprinciples
 Headhuntersinc Consultancy Private Limited  |9|ETL
 Headhuntersinc Consultancy Private Limited  |9|Linux
 Headhuntersinc Consultancy Private Limited  |3|AbInitio
 Headhuntersinc Consultancy Private Limited  |3|cognos
 Headhuntersinc Consultancy Private Limited  |3|informatica
 Headhuntersinc Consultancy Private Limited  |3|informaticadeveloper
 Headhuntersinc Consultancy Private Limited  |3|etldeveloper
 Headhuntersinc Consultancy Private Limited  |3|AbInitio
 Headhuntersinc Consultancy Private Limited  |3|DesignPatterns
 Headhuntersinc Consultancy Private Limited  |3|designprinciples
 Headhuntersinc Consultancy Private Limited  |3|ETl
 Headhuntersinc Consultancy Private Limited  |3|Linux
 Headhuntersinc Consultancy Private Limited  |3|ShellScripting
 Headhuntersinc Consultancy Private Limited  |3|
 Experis IT Private Limited  |3|AbInitio
 Experis IT Private Limited  |3|KeySkills
 Citibank  N.A  4.2(154 reviews)   |5|Oracle
 Citibank  N.A  4.2(154 reviews)   |5|PLSQL
 Citibank  N.A  4.2(154 reviews)   |5|AbInitio
 Citibank  N.A  4.2(154 reviews)   |5|Performancetuning
 Citibank  N.A  4.2(154 reviews)   |5|Coding
 Out Sourcing Company  |0|InformaticaPowerCenter
 Out Sourcing Company  |0|ETL
 Out Sourcing Company  |0|DataWarehousing
 Out Sourcing Company  |0|Cognos
 Out Sourcing Company  |0|Datastage
 Out Sourcing Company  |0|InformaticaPowerCenter
 Out Sourcing Company  |0|ETL
 Out Sourcing Company  |0|DataWarehousing
 Out Sourcing Company  |0|Cognos
 Out Sourcing Company  |0|Datastage
 Pioneer Financial  Management Services Ltd.  |3|Unix
 Pioneer Financial  Management Services Ltd.  |3|AbInitio
 Pioneer Financial  Management Services Ltd.  |3|ETL
 Pioneer Financial  Management Services Ltd.  |3|ABINITIO
 Pioneer Financial  Management Services Ltd.  |3|AB-INITIO
 TRANSUNION GLOBAL TECHNOLOGY CENTER LLP  |9|solutiondesign
 TRANSUNION GLOBAL TECHNOLOGY CENTER LLP  |9|technologysolutions
 TRANSUNION GLOBAL TECHNOLOGY CENTER LLP  |9|itarchitecture
 TRANSUNION GLOBAL TECHNOLOGY CENTER LLP  |9|advancedanalytics
 TRANSUNION GLOBAL TECHNOLOGY CENTER LLP  |9|
 BlackBuck Insights Private Limited  |3|unix
 BlackBuck Insights Private Limited  |3|abinitio
 BlackBuck Insights Private Limited  |3|scope
 BlackBuck Insights Private Limited  |3|systemintegration
 BlackBuck Insights Private Limited  |3|linux
 BlackBuck Insights Private Limited  |3|technicalspecifications
 Vodafone India Limited  4.2(2058 reviews)   |5|Telecom
 Vodafone India Limited  4.2(2058 reviews)   |5|Ticketing
 Vodafone India Limited  4.2(2058 reviews)   |5|Datamodeling
 Vodafone India Limited  4.2(2058 reviews)   |5|Teradata
 Vodafone India Limited  4.2(2058 reviews)   |5|Testcases
 Vodafone India Limited  4.2(2058 reviews)   |5|AbInitio
 Vodafone India Limited  4.2(2058 reviews)   |5|Teradata
 Vodafone India Limited  4.2(2058 reviews)   |5|AbInitio
 Vodafone India Limited  4.2(2058 reviews)   |5|Agile
 Vodafone India Limited  4.2(2058 reviews)   |5|SubjectMatterExpert
 Vodafone India Limited  4.2(2058 reviews)   |5|Oracledataintegrator
 Vodafone India Limited  4.2(2058 reviews)   |3|Oracle
 Vodafone India Limited  4.2(2058 reviews)   |3|Unix
 Vodafone India Limited  4.2(2058 reviews)   |3|Siebel
 Vodafone India Limited  4.2(2058 reviews)   |3|Businessintelligence
 Vodafone India Limited  4.2(2058 reviews)   |3|AbInitio
 Vodafone India Limited  4.2(2058 reviews)   |3|Troubleshooting
 Vodafone India Limited  4.2(2058 reviews)   |4|Perl
 Vodafone India Limited  4.2(2058 reviews)   |4|Productionsupport
 Vodafone India Limited  4.2(2058 reviews)   |4|Businessintelligence
 Vodafone India Limited  4.2(2058 reviews)   |4|AbInitio
 IFINTALENT GLOBAL PVT LTD  |4|ETLDeveloper
 IFINTALENT GLOBAL PVT LTD  |4|Informatica
 IFINTALENT GLOBAL PVT LTD  |4|AbInitioInformaticaEtlDeveloper
 Dell International Services India  Private Limited  4.1(468 reviews)   |1|Oracle
 Dell International Services India  Private Limited  4.1(468 reviews)   |1|Unix
 Dell International Services India  Private Limited  4.1(468 reviews)   |1|Linux
 Dell International Services India  Private Limited  4.1(468 reviews)   |1|Informatica
 Dell International Services India  Private Limited  4.1(468 reviews)   |1|Teradata
 Dell International Services India  Private Limited  4.1(468 reviews)   |1|Businessintelligence
 Accenture  4.0(4985 reviews)   |4|SQL
 Accenture  4.0(4985 reviews)   |4|Oracle
 Accenture  4.0(4985 reviews)   |4|Teradata
 Accenture  4.0(4985 reviews)   |4|AbInitio
 Accenture  4.0(4985 reviews)   |4|Businessanalysis
 Accenture  4.0(4985 reviews)   |4|Unixshellscripting
 Accenture  4.0(4985 reviews)   |2|SAP
 Accenture  4.0(4985 reviews)   |2|AbInitio
 Accenture  4.0(4985 reviews)   |2|Businessprocess
 Accenture  4.0(4985 reviews)   |2|Scheduling
 Accenture  4.0(4985 reviews)   |2|Outsourcing
 Accenture  4.0(4985 reviews)   |2|Operations
 Wipro Ltd  3.7(3783 reviews)   |3|AbInitioBigDataEdition
 Vodafone India Limited  4.2(2058 reviews)   |4|Oracle
 Vodafone India Limited  4.2(2058 reviews)   |4|Unix
 Vodafone India Limited  4.2(2058 reviews)   |4|Teradata
 Vodafone India Limited  4.2(2058 reviews)   |4|AbInitio
 Vodafone India Limited  4.2(2058 reviews)   |4|RDBMS
 Vodafone India Limited  4.2(2058 reviews)   |4|Technicaldesign
 Ad Astra Consultants Private Limited.  |2|abinitio
 Ad Astra Consultants Private Limited.  |2|metaprogramming
 Ad Astra Consultants Private Limited.  |2|pdl
 Ad Astra Consultants Private Limited.  |2|database
 Ad Astra Consultants Private Limited.  |2|scriptexecution
 Ad Astra Consultants Private Limited.  |2|abinitio
 Ad Astra Consultants Private Limited.  |2|Ab-
 Allstate Solutions Private Limited  4.0(80 reviews)   |2|AbInitio
 Allstate Solutions Private Limited  4.0(80 reviews)   |2|Abinitio
 Allstate Solutions Private Limited  4.0(80 reviews)   |2|OracleSQL
 Allstate Solutions Private Limited  4.0(80 reviews)   |2|PL/SQL
 Allstate Solutions Private Limited  4.0(80 reviews)   |2|Unix
 Allstate Solutions Private Limited  4.0(80 reviews)   |2|productionsupport
 Allstate Solutions Private Limited  4.0(80 reviews)   |2|ETL
 Exusia - Startup  |4|Hdfs
 Exusia - Startup  |4|DataQuality
 Exusia - Startup  |4|WebServices
 Exusia - Startup  |4|AbInitio
 Exusia - Startup  |4|CodeReview
 Exusia - Startup  |4|TechnicalDesign
 Exusia - Startup  |4|
 Savera IT Solutions P Ltd.  |5|Unix
 Savera IT Solutions P Ltd.  |5|ETL
 Savera IT Solutions P Ltd.  |5|HRConsulting
 Savera IT Solutions P Ltd.  |5|ShellScripting
 Savera IT Solutions P Ltd.  |5|Linux
 Savera IT Solutions P Ltd.  |5|AbInitio
 Citibank  N.A  4.2(154 reviews)   |2|AssociateVicePresident
 Citibank  N.A  4.2(154 reviews)   |2|Oracle
 Citibank  N.A  4.2(154 reviews)   |2|Unix
 Citibank  N.A  4.2(154 reviews)   |2|Linux
 Citibank  N.A  4.2(154 reviews)   |2|Webservices
 Citibank  N.A  4.2(154 reviews)   |2|PLSQL
 Newt Global India Private Limited  |3|Unix
 Newt Global India Private Limited  |3|SQL
 Newt Global India Private Limited  |3|AbInitio
 Newt Global India Private Limited  |3|Teradata
 Newt Global India Private Limited  |3|ETLTool
 Newt Global India Private Limited  |3|ShellScripting
 Cybage Software Pvt. Ltd  3.6(30 reviews)   |2|unix
 Cybage Software Pvt. Ltd  3.6(30 reviews)   |2|sqlqueries
 Cybage Software Pvt. Ltd  3.6(30 reviews)   |2|oracle
 Cybage Software Pvt. Ltd  3.6(30 reviews)   |2|etl
 Cybage Software Pvt. Ltd  3.6(30 reviews)   |2|talend
 Cybage Software Pvt. Ltd  3.6(30 reviews)   |2|dw
 Cybage Software Pvt. Ltd  3.6(30 reviews)   |2|plsql
 Cybage Software Pvt. Ltd  3.6(30 reviews)   |2|linux
 Cybage Software Pvt. Ltd  3.6(30 reviews)   |2|abinitio
 Wipro Ltd  3.7(3783 reviews)   |5|AbInitioBigDataEdition
 Wipro Ltd  3.7(3783 reviews)   |3|AbInitioBigDataEdition
 Citicorp Services India Pvt Ltd  3.7(80 reviews)   |7|abinitio
 Citicorp Services India Pvt Ltd  3.7(80 reviews)   |7|continuousgraphs
 Citicorp Services India Pvt Ltd  3.7(80 reviews)   |7|continuouscharts
 ILABZ TECHNOLOGY LLP  |3|AbInitio
 ILABZ TECHNOLOGY LLP  |3|AbinitioDeveloper
 ILABZ TECHNOLOGY LLP  |3|abinitioprogrammer
 ILABZ TECHNOLOGY LLP  |3|initioprogrammer
 Future Focus Infotech Pvt. Ltd.  3.6(127 reviews)   |3|AbInitio
 Future Focus Infotech Pvt. Ltd.  3.6(127 reviews)   |3|AbinitioDeveloper
 ASAP Info Systems Pvt Ltd  |3|AbInitio
 ASAP Info Systems Pvt Ltd  |3|datastage
 ASAP Info Systems Pvt Ltd  |3|microstrategy
 ASAP Info Systems Pvt Ltd  |3|cognos
 ASAP Info Systems Pvt Ltd  |3|abinitio
 ASAP Info Systems Pvt Ltd  |3|informatica
 ASAP Info Systems Pvt Ltd  |3|AbInitio
 ASAP Info Systems Pvt Ltd  |3|cognos
 ASAP Info Systems Pvt Ltd  |3|informatica
 ASAP Info Systems Pvt Ltd  |3|teradata
 ASAP Info Systems Pvt Ltd  |3|datastage
 TEAMLEASE DIGITAL PRIVATE LIMITED  |3|abinitio
 Adecco India Private Limited  4.1(121 reviews)   |2|AbinitioDeveloper
 Adecco India Private Limited  4.1(121 reviews)   |2|Unix
 Anlage Infotech (I) Pvt. Ltd.  |5|abinitio
 Anlage Infotech (I) Pvt. Ltd.  |5|hpalm
 Anlage Infotech (I) Pvt. Ltd.  |5|ibmrational
 Maintec Technologies Private Limited  |3|AbInitio
 ILABZ TECHNOLOGY LLP  |3|Informatica
 ILABZ TECHNOLOGY LLP  |3|datastage
 ILABZ TECHNOLOGY LLP  |3|ascentialdatastage
 ILABZ TECHNOLOGY LLP  |3|Cognos
 ILABZ TECHNOLOGY LLP  |3|AbInitio
 ILABZ TECHNOLOGY LLP  |3|Teradata
 Ad Astra Consultants  |3|AbInitio
 Ad Astra Consultants  |3|TechnicalDocumentation
 Ad Astra Consultants  |3|PerformanceTuning
 Maveric Systems Limited  3.7(46 reviews)   |9|AbInitio
 Maveric Systems Limited  3.7(46 reviews)   |9|TeamLeading
 Maveric Systems Limited  3.7(46 reviews)   |9|ETLTesting
 Maveric Systems Limited  3.7(46 reviews)   |9|ETLDeveloper
 Citicorp Services India Pvt Ltd  3.7(80 reviews)   |8|UnixShellScripting
 Citicorp Services India Pvt Ltd  3.7(80 reviews)   |8|Oracle
 Citicorp Services India Pvt Ltd  3.7(80 reviews)   |8|Hadoop
 Citicorp Services India Pvt Ltd  3.7(80 reviews)   |8|Spark
 Citicorp Services India Pvt Ltd  3.7(80 reviews)   |8|RDBMS
 Citicorp Services India Pvt Ltd  3.7(80 reviews)   |8|BigData
 Citicorp Services India Pvt Ltd  3.7(80 reviews)   |8|AbInitio
 Citicorp Services India Pvt Ltd  3.7(80 reviews)   |8|ApplicationDevelopment
 Citicorp Services India Pvt Ltd  3.7(80 reviews)   |8|ETLdevelopment
 Citicorp Services India Pvt Ltd  3.7(80 reviews)   |8|AbInitioETL
 Citicorp Services India Pvt Ltd  3.7(80 reviews)   |8|OraclePL/SQL
 Premium  |5|Spark
 Premium  |5|Hive
 Premium  |5|Hadoop
 Premium  |5|Mapreduce
 Premium  |5|Impala
 Premium  |5|Hdfs
 Premium  |5|BigData
 Premium  |5|SCALA
 Premium  |5|Oracle
 Mphasis Limited  3.8(959 reviews)   |4|PLSQL
 Mphasis Limited  3.8(959 reviews)   |4|Agile
 Mphasis Limited  3.8(959 reviews)   |4|Performancetuning
 Mphasis Limited  3.8(959 reviews)   |4|Coding
 Mphasis Limited  3.8(959 reviews)   |4|Unittesting
 Mphasis Limited  3.8(959 reviews)   |4|Dataextraction
 Wipro Ltd  3.7(3783 reviews)   |3|AbInitio
 AELFRIC SOLUTIONS PRIVATE LIMITED  |5|UnixShellScripting
 AELFRIC SOLUTIONS PRIVATE LIMITED  |5|SQL
 AELFRIC SOLUTIONS PRIVATE LIMITED  |5|ETL
 AELFRIC SOLUTIONS PRIVATE LIMITED  |5|AbInitio
 AELFRIC SOLUTIONS PRIVATE LIMITED  |5|Teradata
 AELFRIC SOLUTIONS PRIVATE LIMITED  |5|DataWarehousing
 AELFRIC SOLUTIONS PRIVATE LIMITED  |5|UnixShellScripting
 AELFRIC SOLUTIONS PRIVATE LIMITED  |5|SQL
 AELFRIC SOLUTIONS PRIVATE LIMITED  |5|AbInitio
 AELFRIC SOLUTIONS PRIVATE LIMITED  |5|ETL
 AELFRIC SOLUTIONS PRIVATE LIMITED  |5|Teradata
 AELFRIC SOLUTIONS PRIVATE LIMITED  |5|DataWarehousing
 Out Sourcing Company  |0|InformaticaPowerCenter
 Out Sourcing Company  |0|ETL
 Out Sourcing Company  |0|DataWarehousing
 Out Sourcing Company  |0|Cognos
 Out Sourcing Company  |0|Datastage
 Out Sourcing Company  |0|InformaticaPowerCenter
 Out Sourcing Company  |0|ETL
 Out Sourcing Company  |0|DataWarehousing
 Out Sourcing Company  |0|Cognos
 Out Sourcing Company  |0|Datastage
 Out Sourcing Company  |0|InformaticaPowerCenter
 Out Sourcing Company  |0|ETL
 Out Sourcing Company  |0|DataWarehousing
 Out Sourcing Company  |0|Cognos
 Out Sourcing Company  |0|Datastage
 Out Sourcing Company  |0|InformaticaPowerCenter
 Out Sourcing Company  |0|ETL
 Out Sourcing Company  |0|DataWarehousing
 Out Sourcing Company  |0|Cognos
 Out Sourcing Company  |0|Datastage
 ELEMENTS HR SERVICES PVT LTD  |10|Impala
 ELEMENTS HR SERVICES PVT LTD  |10|Hive
 ELEMENTS HR SERVICES PVT LTD  |10|SQL
 ELEMENTS HR SERVICES PVT LTD  |10|Greenplum
 ELEMENTS HR SERVICES PVT LTD  |10|Hiring
 ELEMENTS HR SERVICES PVT LTD  |10|InvestmentBanking
 ELEMENTS HR SERVICES PVT LTD  |10|BigData
 CONFIDENTIAL  3.8(13 reviews)   |7|etldeveloper
 CONFIDENTIAL  3.8(13 reviews)   |7|db2
 CONFIDENTIAL  3.8(13 reviews)   |7|Oracle
 CONFIDENTIAL  3.8(13 reviews)   |7|Informatica
 CONFIDENTIAL  3.8(13 reviews)   |7|informaticadeveloper
 CONFIDENTIAL  3.8(13 reviews)   |7|teradata
 Out Sourcing Company  |0|InformaticaPowerCenter
 Out Sourcing Company  |0|ETL
 Out Sourcing Company  |0|DataWarehousing
 Out Sourcing Company  |0|Cognos
 Out Sourcing Company  |0|Datastage
 Out Sourcing Company  |0|InformaticaPowerCenter
 Out Sourcing Company  |0|ETL
 Out Sourcing Company  |0|DataWarehousing
 Out Sourcing Company  |0|Cognos
 Out Sourcing Company  |0|Datastage
 Katyayana Consulting  |4|AbInitio
 Katyayana Consulting  |4|ETL
 Katyayana Consulting  |4|ApplicationDeveloper
 Katyayana Consulting  |4|DataWarehousing
 Katyayana Consulting  |4|MDH
 ILABZ TECHNOLOGY LLP  |3|abinitio
 ILABZ TECHNOLOGY LLP  |3|Cognos
 Growel Softech Pvt. Ltd.  |3|SQL
 Growel Softech Pvt. Ltd.  |3|Oracle11G
 Growel Softech Pvt. Ltd.  |3|PL
 Growel Softech Pvt. Ltd.  |3|SoftwareDevelopment
 Growel Softech Pvt. Ltd.  |3|ShellScripting
 Karan IT Solutions  |0|ETL
 Karan IT Solutions  |0|DataWarehousing
 Karan IT Solutions  |0|Informatica
 Karan IT Solutions  |0|DatastageCognosBusinessObjects
 Next Step Services Private Limited  |10|Spark
 Next Step Services Private Limited  |10|ETL
 Next Step Services Private Limited  |10|informatica
 Next Step Services Private Limited  |10|abinitio
 Next Step Services Private Limited  |10|cognos
 Next Step Services Private Limited  |10|microstrategy
 Next Step Services Private Limited  |10|businessobjects
 Next Step Services Private Limited  |10|
 BCT Consulting Private Limited  |5|AbInitio
 ILABZ TECHNOLOGY LLP  |3|java
 ILABZ TECHNOLOGY LLP  |3|scala
 ILABZ TECHNOLOGY LLP  |3|seleniumtesting
 ILABZ TECHNOLOGY LLP  |3|spark
 ILABZ TECHNOLOGY LLP  |3|.net
 ILABZ TECHNOLOGY LLP  |3|performancetesting
 ILABZ TECHNOLOGY LLP  |3|abinitio
 ILABZ TECHNOLOGY LLP  |3|
 Pride Technologies Consulting India Pvt Ltd  |5|Unix
 Pride Technologies Consulting India Pvt Ltd  |5|ETLTool
 Pride Technologies Consulting India Pvt Ltd  |5|BusinessIntelligence
 Pride Technologies Consulting India Pvt Ltd  |5|AbInitio
 Pride Technologies Consulting India Pvt Ltd  |5|DataProfiling
 SRS Infoway  |3|AbInitio
 ELEMENTS HR SERVICES PVT LTD  |6|SQL
 ELEMENTS HR SERVICES PVT LTD  |6|Informatica
 ELEMENTS HR SERVICES PVT LTD  |6|ETL
 ELEMENTS HR SERVICES PVT LTD  |6|AbInitio
 ELEMENTS HR SERVICES PVT LTD  |6|BusinessObjects
 ELEMENTS HR SERVICES PVT LTD  |6|ETLDeveloper
 WSNE Consulting Pvt Ltd  |5|sql
 WSNE Consulting Pvt Ltd  |5|excel
 WSNE Consulting Pvt Ltd  |5|javascript
 WSNE Consulting Pvt Ltd  |5|xml
 WSNE Consulting Pvt Ltd  |5|sas
 WSNE Consulting Pvt Ltd  |5|spss
 WSNE Consulting Pvt Ltd  |5|dataanalytics
 WSNE Consulting Pvt Ltd  |5|dataanalysis
 VServ Business Solutions Pvt Ltd  3.7(11 reviews)   |5|java
 VServ Business Solutions Pvt Ltd  3.7(11 reviews)   |5|C++
 VServ Business Solutions Pvt Ltd  3.7(11 reviews)   |5|unixshellscripting
 VServ Business Solutions Pvt Ltd  3.7(11 reviews)   |5|etl
 VServ Business Solutions Pvt Ltd  3.7(11 reviews)   |5|dataintegration
 VServ Business Solutions Pvt Ltd  3.7(11 reviews)   |5|teradata
 VServ Business Solutions Pvt Ltd  3.7(11 reviews)   |5|abinitio
 TransUnion Software Services Pvt. Ltd  |3|Testing
 TransUnion Software Services Pvt. Ltd  |3|SQL
 TransUnion Software Services Pvt. Ltd  |3|Unix
 TransUnion Software Services Pvt. Ltd  |3|Db2
 TransUnion Software Services Pvt. Ltd  |3|AbInitio
 TransUnion Software Services Pvt. Ltd  |3|Applicationdevelopment
 TransUnion Software Services Pvt. Ltd  |3|SDLC
 TransUnion Software Services Pvt. Ltd  |3|SQL
 TransUnion Software Services Pvt. Ltd  |3|Unix
 TransUnion Software Services Pvt. Ltd  |3|Db2
 TransUnion Software Services Pvt. Ltd  |3|ManagerQualityAssurance
 TransUnion Software Services Pvt. Ltd  |3|AbInitio
 TransUnion Software Services Pvt. Ltd  |2|SQL
 TransUnion Software Services Pvt. Ltd  |2|Unix
 TransUnion Software Services Pvt. Ltd  |2|Db2
 TransUnion Software Services Pvt. Ltd  |2|ManagerQualityAssurance
 TransUnion Software Services Pvt. Ltd  |2|AbInitio
 TransUnion Software Services Pvt. Ltd  |9|Linux
 TransUnion Software Services Pvt. Ltd  |9|Shellscripting
 TransUnion Software Services Pvt. Ltd  |9|Automation
 TransUnion Software Services Pvt. Ltd  |9|Applicationdevelopment
 TransUnion Software Services Pvt. Ltd  |9|Agile
 TransUnion Software Services Pvt. Ltd  |3|Linux
 TransUnion Software Services Pvt. Ltd  |3|Shellscripting
 TransUnion Software Services Pvt. Ltd  |3|Automation
 TransUnion Software Services Pvt. Ltd  |3|AbInitio
 TransUnion Software Services Pvt. Ltd  |3|Applicationdevelopment
 Infometry  |4|AbInitio
 Infometry  |4|SQL
 Infometry  |4|Unix
 Infometry  |4|Applicationdevelopment
 Infometry  |4|Datawarehousing
 Infometry  |4|Solid
 Vodafone India Limited  4.2(2058 reviews)   |2|ITILcertified
 Vodafone India Limited  4.2(2058 reviews)   |2|SQL
 Vodafone India Limited  4.2(2058 reviews)   |2|Unix
 Vodafone India Limited  4.2(2058 reviews)   |2|Monitoring
 Vodafone India Limited  4.2(2058 reviews)   |2|IToperations
 Vodafone India Limited  4.2(2058 reviews)   |2|Operations
 Arminus Software Pvt. Ltd  4.2(6 reviews)   |3|Unix
 Arminus Software Pvt. Ltd  4.2(6 reviews)   |3|Automation
 Arminus Software Pvt. Ltd  4.2(6 reviews)   |3|Agile
 Arminus Software Pvt. Ltd  4.2(6 reviews)   |3|Analyticalskills
 Arminus Software Pvt. Ltd  4.2(6 reviews)   |3|AbInitio
 Arminus Software Pvt. Ltd  4.2(6 reviews)   |3|Finance
 Arminus Software Pvt. Ltd  4.2(6 reviews)   |3|Compliance
 Arminus Software Pvt. Ltd  4.2(6 reviews)   |3|
 TransUnion Software Services Pvt. Ltd  |2|ManagerQualityAssurance
 TransUnion Software Services Pvt. Ltd  |2|AbInitio
 TransUnion Software Services Pvt. Ltd  |2|Testcases
 TransUnion Software Services Pvt. Ltd  |2|Testscenarios
 TransUnion Software Services Pvt. Ltd  |2|Testing
 TransUnion Software Services Pvt. Ltd  |3|AbInitio
 TransUnion Software Services Pvt. Ltd  |3|Applicationdevelopment
 TransUnion Software Services Pvt. Ltd  |3|Dataprocessing
 TransUnion Software Services Pvt. Ltd  |3|Businessoperations
 TransUnion Software Services Pvt. Ltd  |9|Linux
 TransUnion Software Services Pvt. Ltd  |9|Shellscripting
 TransUnion Software Services Pvt. Ltd  |9|Automation
 TransUnion Software Services Pvt. Ltd  |9|Applicationdevelopment
 TransUnion Software Services Pvt. Ltd  |9|Agile
 TransUnion Software Services Pvt. Ltd  |3|Linux
 TransUnion Software Services Pvt. Ltd  |3|Shellscripting
 TransUnion Software Services Pvt. Ltd  |3|Automation
 TransUnion Software Services Pvt. Ltd  |3|AbInitio
 TransUnion Software Services Pvt. Ltd  |3|Applicationdevelopment
 TransUnion Software Services Pvt. Ltd  |3|Linux
 TransUnion Software Services Pvt. Ltd  |3|Shellscripting
 TransUnion Software Services Pvt. Ltd  |3|Automation
 TransUnion Software Services Pvt. Ltd  |3|AbInitio
 TransUnion Software Services Pvt. Ltd  |3|Applicationdevelopment
 Epsilon  |2|C
 Epsilon  |2|Python
 Epsilon  |2|SixSigma
 Epsilon  |2|PMP
 Epsilon  |2|.NET
 Epsilon  |2|HTML
 Epsilon  |2|JavaScript
 Epsilon  |2|SQL
 Epsilon  |2|Oracle
 TransUnion Software Services Pvt. Ltd  |3|ERP
 TransUnion Software Services Pvt. Ltd  |3|microsoft
 TransUnion Software Services Pvt. Ltd  |3|AbInitio
 TransUnion Software Services Pvt. Ltd  |3|Agile
 TransUnion Software Services Pvt. Ltd  |3|Consulting
 TransUnion Software Services Pvt. Ltd  |3|Riskmanagement
 TransUnion Software Services Pvt. Ltd  |3|Automotive
 TransUnion Software Services Pvt. Ltd  |3|SQL
 TransUnion Software Services Pvt. Ltd  |3|AbInitio
 TransUnion Software Services Pvt. Ltd  |3|Applicationdevelopment
 TransUnion Software Services Pvt. Ltd  |3|SDLC
 TransUnion Software Services Pvt. Ltd  |3|Testingtools
 TransUnion Software Services Pvt. Ltd  |3|Coding
 TransUnion Software Services Pvt. Ltd  |2|SQL
 TransUnion Software Services Pvt. Ltd  |2|Unix
 TransUnion Software Services Pvt. Ltd  |2|Db2
 TransUnion Software Services Pvt. Ltd  |2|ManagerQualityAssurance
 TransUnion Software Services Pvt. Ltd  |2|AbInitio
 Wipro Limited  3.7(3812 reviews)   |5|Projectmanagement
 Wipro Limited  3.7(3812 reviews)   |5|Teradata
 Wipro Limited  3.7(3812 reviews)   |5|RDBMS
 Wipro Limited  3.7(3812 reviews)   |5|Agile
 Wipro Limited  3.7(3812 reviews)   |5|Unixshellscripting
 JPMorgan Chase  4.0(573 reviews)   |2|Oracle
 JPMorgan Chase  4.0(573 reviews)   |2|Unix
 JPMorgan Chase  4.0(573 reviews)   |2|CoreJava
 JPMorgan Chase  4.0(573 reviews)   |2|AbInitio
 JPMorgan Chase  4.0(573 reviews)   |2|Applicationdevelopment
 JPMorgan Chase  4.0(573 reviews)   |2|Agile
 Wipro Limited  3.7(3812 reviews)   |5|Informationmanagement
 Wipro Limited  3.7(3812 reviews)   |5|ProjectLeader
 Wipro Limited  3.7(3812 reviews)   |5|Projectmanagement
 Wipro Limited  3.7(3812 reviews)   |8|InformationArchitect
 Wipro Limited  3.7(3812 reviews)   |8|Solutionarchitecture
 Wipro Limited  3.7(3812 reviews)   |8|Dataarchitecture
 Wipro Limited  3.7(3812 reviews)   |8|AbInitio
 Wipro Limited  3.7(3812 reviews)   |8|
 Allstate Solutions Private Limited  4.0(80 reviews)   |1|TestCases
 Allstate Solutions Private Limited  4.0(80 reviews)   |1|TestScenarios
 Allstate Solutions Private Limited  4.0(80 reviews)   |1|TestStrategy
 Allstate Solutions Private Limited  4.0(80 reviews)   |1|TestData
 Allstate Solutions Private Limited  4.0(80 reviews)   |1|TestScripts
 Diverse Lynx India Pvt. Ltd  |1|BusinessAnalysts
 Diverse Lynx India Pvt. Ltd  |1|Architects
 Diverse Lynx India Pvt. Ltd  |1|LeadDevelopers
 Diverse Lynx India Pvt. Ltd  |1|design
 Diverse Lynx India Pvt. Ltd  |1|development
 Diverse Lynx India Pvt. Ltd  |1|SQL
 Wells Fargo India Solutions Pvt. Ltd.  4.0(52 reviews)   |1|Unix
 Wells Fargo India Solutions Pvt. Ltd.  4.0(52 reviews)   |1|Informatica
 Wells Fargo India Solutions Pvt. Ltd.  4.0(52 reviews)   |1|Shellscripting
 Wells Fargo India Solutions Pvt. Ltd.  4.0(52 reviews)   |1|Automation
 Wells Fargo India Solutions Pvt. Ltd.  4.0(52 reviews)   |1|Productionsupport
 Wells Fargo India Solutions Pvt. Ltd.  4.0(52 reviews)   |1|Manager
 Wells Fargo India Solutions Pvt. Ltd.  4.0(52 reviews)   |1|Unix
 Wells Fargo India Solutions Pvt. Ltd.  4.0(52 reviews)   |1|Informatica
 Wells Fargo India Solutions Pvt. Ltd.  4.0(52 reviews)   |1|Shellscripting
 Wells Fargo India Solutions Pvt. Ltd.  4.0(52 reviews)   |1|Automation
 Wells Fargo India Solutions Pvt. Ltd.  4.0(52 reviews)   |1|Productionsupport
 Wells Fargo India Solutions Pvt. Ltd.  4.0(52 reviews)   |1|Manager
 Wells Fargo India Solutions Pvt. Ltd.  4.0(52 reviews)   |1|Consultant4
 Wells Fargo India Solutions Pvt. Ltd.  4.0(52 reviews)   |1|Unix
 Wells Fargo India Solutions Pvt. Ltd.  4.0(52 reviews)   |1|Informatica
 Wells Fargo India Solutions Pvt. Ltd.  4.0(52 reviews)   |1|Datastage
 Wells Fargo India Solutions Pvt. Ltd.  4.0(52 reviews)   |1|Shellscripting
 Wells Fargo India Solutions Pvt. Ltd.  4.0(52 reviews)   |1|Automation
 Wells Fargo India Solutions Pvt. Ltd.  4.0(52 reviews)   |8|Unix
 Wells Fargo India Solutions Pvt. Ltd.  4.0(52 reviews)   |8|Linux
 Wells Fargo India Solutions Pvt. Ltd.  4.0(52 reviews)   |8|Perl
 Wells Fargo India Solutions Pvt. Ltd.  4.0(52 reviews)   |8|Informatica
 Wells Fargo India Solutions Pvt. Ltd.  4.0(52 reviews)   |8|Shellscripting
 Wells Fargo India Solutions Pvt. Ltd.  4.0(52 reviews)   |8|Automation
 JPMorgan Chase  4.0(573 reviews)   |1|Unix
 JPMorgan Chase  4.0(573 reviews)   |1|Perl
 JPMorgan Chase  4.0(573 reviews)   |1|Automation
 JPMorgan Chase  4.0(573 reviews)   |1|Python
 JPMorgan Chase  4.0(573 reviews)   |1|Businessobjects
 JPMorgan Chase  4.0(573 reviews)   |1|SyBase
 Wipro Limited  3.7(3812 reviews)   |5|Projectmanagement
 Wipro Limited  3.7(3812 reviews)   |5|Projectdelivery
 Wipro Limited  3.7(3812 reviews)   |5|Informationmanagement
 Wipro Limited  3.7(3812 reviews)   |5|AbInitio
 Wipro Limited  3.7(3812 reviews)   |5|Teradata
 Wipro Limited  3.7(3812 reviews)   |5|Unixshellscripting
 Wipro Limited  3.7(3812 reviews)   |5|Projectdelivery
 Wipro Limited  3.7(3812 reviews)   |5|AbInitio
 Wipro Limited  3.7(3812 reviews)   |5|bigdata
 Wipro Limited  3.7(3812 reviews)   |8|Unix
 Wipro Limited  3.7(3812 reviews)   |8|Solutionarchitecture
 Wipro Limited  3.7(3812 reviews)   |8|Dataarchitecture
 Wipro Limited  3.7(3812 reviews)   |8|Architecture
 Wipro Limited  3.7(3812 reviews)   |8|AbInitio
 Wipro Limited  3.7(3812 reviews)   |1|Unix
 Wipro Limited  3.7(3812 reviews)   |1|AbInitio
 Wipro Limited  3.7(3812 reviews)   |1|Programming
 Wipro Limited  3.7(3812 reviews)   |1|ManagerTechnology
 Wipro Limited  3.7(3812 reviews)   |1|BusinessExecutive
 Wipro Limited  3.7(3812 reviews)   |3|AbInitio
 Wipro Limited  3.7(3812 reviews)   |3|Banking
 Wipro Limited  3.7(3812 reviews)   |3|Focus
 Wipro Limited  3.7(3812 reviews)   |3|ECB
 Wipro Limited  3.7(3812 reviews)   |3|Usage
 Wipro Limited  3.7(3812 reviews)   |3|MIN
 Wipro Limited  3.7(3812 reviews)   |10|Oracle
 Wipro Limited  3.7(3812 reviews)   |10|Dataquality
 Wipro Limited  3.7(3812 reviews)   |10|Projectdelivery
 Wipro Limited  3.7(3812 reviews)   |10|Informationmanagement
 Wipro Limited  3.7(3812 reviews)   |10|AbInitio
 Wipro Limited  3.7(3812 reviews)   |3|Teradata
 Wipro Limited  3.7(3812 reviews)   |3|Unixshellscripting
 Wipro Limited  3.7(3812 reviews)   |3|Testplanning
 Wipro Limited  3.7(3812 reviews)   |3|Teststrategy
 Wipro Limited  3.7(3812 reviews)   |3|Usage
 Wipro Limited  3.7(3812 reviews)   |3|SQL
 Wipro Limited  3.7(3812 reviews)   |3|Unix
 Wipro Limited  3.7(3812 reviews)   |3|Datamanagement
 Wipro Limited  3.7(3812 reviews)   |3|Control-M
 Wipro Limited  3.7(3812 reviews)   |3|Scheduling
 Wipro Limited  3.7(3812 reviews)   |3|AbInitio
 Wipro Limited  3.7(3812 reviews)   |8|Solutionarchitecture
 Wipro Limited  3.7(3812 reviews)   |8|Dataarchitecture
 Wipro Limited  3.7(3812 reviews)   |8|Architecture
 Wipro Limited  3.7(3812 reviews)   |8|AbInitio
 Wipro Limited  3.7(3812 reviews)   |3|SDLC
 Wipro Limited  3.7(3812 reviews)   |3|Agile
 Wipro Limited  3.7(3812 reviews)   |3|Performancetuning
 Wipro Limited  3.7(3812 reviews)   |3|Businessanalysis
 Wipro Limited  3.7(3812 reviews)   |3|Dataquality
 Wipro Limited  3.7(3812 reviews)   |3|AbInitio
 Wipro Limited  3.7(3812 reviews)   |3|AbInitio
 Wipro Limited  3.7(3812 reviews)   |3|OracleSQL
 Wipro Limited  3.7(3812 reviews)   |3|Programming
 Wipro Limited  3.7(3812 reviews)   |3|ManagerTechnology
 Wipro Limited  3.7(3812 reviews)   |3|Mentor
 Wipro Limited  3.7(3812 reviews)   |3|AbInitio
 Wipro Limited  3.7(3812 reviews)   |3|bigdata
 Wipro Limited  3.7(3812 reviews)   |3|Programming
 Wipro Limited  3.7(3812 reviews)   |3|ManagerTechnology
 Wipro Limited  3.7(3812 reviews)   |3|Mentor
 Wipro Limited  3.7(3812 reviews)   |3|Teradata
 Wipro Limited  3.7(3812 reviews)   |3|RDBMS
 Wipro Limited  3.7(3812 reviews)   |3|Unixshellscripting
 Wipro Limited  3.7(3812 reviews)   |3|AbInitio
 Wipro Limited  3.7(3812 reviews)   |3|bigdata
 Wipro Limited  3.7(3812 reviews)   |3|Webservices
 Wipro Limited  3.7(3812 reviews)   |5|Teradata
 Wipro Limited  3.7(3812 reviews)   |5|RDBMS
 Wipro Limited  3.7(3812 reviews)   |5|Agile
 Wipro Limited  3.7(3812 reviews)   |5|Unixshellscripting
 Wipro Limited  3.7(3812 reviews)   |5|AbInitio
 Wipro Limited  3.7(3812 reviews)   |5|bigdata
 Ernst Young  3.8(860 reviews)   |2|Python
 Ernst Young  3.8(860 reviews)   |2|SixSigma
 Ernst Young  3.8(860 reviews)   |2|.NET
 Ernst Young  3.8(860 reviews)   |2|HTML
 Ernst Young  3.8(860 reviews)   |2|JavaScript
 Ernst Young  3.8(860 reviews)   |2|SQL
 Ernst Young  3.8(860 reviews)   |2|Oracle
 Ernst Young  3.8(860 reviews)   |2|
 Ernst Young  3.8(860 reviews)   |2|assemblylanguage
 Ernst Young  3.8(860 reviews)   |2|
 Vodafone India Limited  4.2(2058 reviews)   |3|Technicalproductconfiguration
 Vodafone India Limited  4.2(2058 reviews)   |3|design
 Vodafone India Limited  4.2(2058 reviews)   |3|integrationPHP
 Vodafone India Limited  4.2(2058 reviews)   |3|MySQL
 Vodafone India Limited  4.2(2058 reviews)   |3|HTML
 Vodafone India Limited  4.2(2058 reviews)   |3|C
 EYGBS (INDIA) LLP  |6|OracleSQL
 EYGBS (INDIA) LLP  |6|Unix
 EYGBS (INDIA) LLP  |6|SeleniumWebdriver
 EYGBS (INDIA) LLP  |6|PowerBi
 EYGBS (INDIA) LLP  |6|AutomationTesting
 JP Morgan Chase  4.1(564 reviews)   |0|technology
 JP Morgan Chase  4.1(564 reviews)   |0|finance
 JP Morgan Chase  4.1(564 reviews)   |0|operations
 JP Morgan Chase  4.1(564 reviews)   |0|humanresources
 Dell International Services India  Private Limited  4.1(468 reviews)   |2|PMP
 Dell International Services India  Private Limited  4.1(468 reviews)   |2|Projectmanagement
 Dell International Services India  Private Limited  4.1(468 reviews)   |2|Oracle
 Dell International Services India  Private Limited  4.1(468 reviews)   |2|Unix
 Dell International Services India  Private Limited  4.1(468 reviews)   |2|SAP
 Dell International Services India  Private Limited  4.1(468 reviews)   |2|Linux
 Dell International Services India  Private Limited  4.1(468 reviews)   |2|MySQL
 Dell International Services India  Private Limited  4.1(468 reviews)   |2|Perl
 Dell International Services India  Private Limited  4.1(468 reviews)   |2|Db2
 Maveric Systems Limited  3.7(46 reviews)   |3|ETLTesting
 Maveric Systems Limited  3.7(46 reviews)   |3|UnixShellScripting
 Maveric Systems Limited  3.7(46 reviews)   |3|SQLServer
 Maveric Systems Limited  3.7(46 reviews)   |3|DWHTesting
 Syntel Private Limited  |3|OracleFinancials
 Syntel Private Limited  |3|OracleFinancialFunctionalConsultant
 Newt Global  |3|SQL
 Newt Global  |3|Unix
 Newt Global  |3|Shellscripting
 Newt Global  |3|Teradata
 Newt Global  |3|AbInitio
 Newt Global  |3|Performancetuning
 Dell International Services India  Private Limited  4.1(468 reviews)   |1|Oracle
 Dell International Services India  Private Limited  4.1(468 reviews)   |1|Unix
 Dell International Services India  Private Limited  4.1(468 reviews)   |1|Linux
 Dell International Services India  Private Limited  4.1(468 reviews)   |1|Informatica
 Dell International Services India  Private Limited  4.1(468 reviews)   |1|Teradata
 Dell International Services India  Private Limited  4.1(468 reviews)   |1|Businessintelligence
 JPMorgan Chase  4.0(573 reviews)   |6|PLSQL
 JPMorgan Chase  4.0(573 reviews)   |6|Teradata
 JPMorgan Chase  4.0(573 reviews)   |6|AbInitio
 JPMorgan Chase  4.0(573 reviews)   |6|SDLC
 JPMorgan Chase  4.0(573 reviews)   |6|Agile
 JPMorgan Chase  4.0(573 reviews)   |6|Coding
 JPMorgan Chase  4.0(573 reviews)   |6|Scrum
 JPMorgan Chase  4.0(573 reviews)   |6|Analytics
 JPMorgan Chase  4.0(573 reviews)   |6|Business
 Vodafone India Limited  4.2(2058 reviews)   |5|Telecom
 Vodafone India Limited  4.2(2058 reviews)   |5|Ticketing
 Vodafone India Limited  4.2(2058 reviews)   |5|Datamodeling
 Vodafone India Limited  4.2(2058 reviews)   |5|Teradata
 Vodafone India Limited  4.2(2058 reviews)   |5|Testcases
 Vodafone India Limited  4.2(2058 reviews)   |5|AbInitio
 JPMorgan Chase  4.0(573 reviews)   |1|SQL
 JPMorgan Chase  4.0(573 reviews)   |1|Informatica
 JPMorgan Chase  4.0(573 reviews)   |1|Automation
 JPMorgan Chase  4.0(573 reviews)   |1|AbInitio
 JPMorgan Chase  4.0(573 reviews)   |1|Applicationdevelopment
 JPMorgan Chase  4.0(573 reviews)   |1|Agile
 Wipro InfoTech  3.8(980 reviews)   |3|Telecom
 Wipro InfoTech  3.8(980 reviews)   |3|Service
 Wipro InfoTech  3.8(980 reviews)   |3|Module
 Wipro InfoTech  3.8(980 reviews)   |3|Englishlanguage
 Wipro InfoTech  3.8(980 reviews)   |3|AbInitio
 Wipro InfoTech  3.8(980 reviews)   |3|Languageskills
 JP Morgan Chase  4.1(564 reviews)   |0|technology
 JP Morgan Chase  4.1(564 reviews)   |0|finance
 JP Morgan Chase  4.1(564 reviews)   |0|operations
 JP Morgan Chase  4.1(564 reviews)   |0|humanresources
 JP Morgan Chase  4.1(564 reviews)   |0|technology
 JP Morgan Chase  4.1(564 reviews)   |0|finance
 JP Morgan Chase  4.1(564 reviews)   |0|operations
 JP Morgan Chase  4.1(564 reviews)   |0|humanresources
 JP Morgan Chase  4.1(564 reviews)   |0|technology
 JP Morgan Chase  4.1(564 reviews)   |0|finance
 JP Morgan Chase  4.1(564 reviews)   |0|operations
 JP Morgan Chase  4.1(564 reviews)   |0|humanresources
